name,email,country,salary,experience
Isabella Sandoval,lorem.eget.mollis@vel.net,Burkina Faso,$6942.38,42
Hayes Greene,Sed.nunc.est@acmieleifend.co.uk,Cook Islands,$2342.95,44
Garrett Lindsay,ut.lacus.Nulla@etmagnis.org,Bangladesh,$9029.67,41
Martina Zimmerman,arcu@consectetuereuismod.net,Finland,$9725.03,3
Thomas Whitley,ornare@egestashendreritneque.edu,Seychelles,$6474.62,47
Martina Carver,tempor.diam@utcursus.com,Cuba,$2422.59,37
Gareth Tate,Ut@facilisisfacilisismagna.ca,Turkey,$7607.11,10
Miranda Koch,augue.ac.ipsum@ullamcorpermagna.ca,Bahrain,$7512.95,30
Alisa Hill,a.facilisis.non@sedpede.org,Azerbaijan,$7319.22,34
Kibo Andrews,mauris.Suspendisse@risusNunc.ca,Kazakhstan,$5156.89,31
Luke Farley,nec.orci@iaculislacuspede.edu,Anguilla,$1851.25,31
Travis Garza,varius@Fuscediamnunc.ca,Syria,$2132.46,33
Martena Kelly,est.vitae.sodales@ut.co.uk,Tuvalu,$3397.86,40
Azalia Sweeney,et.nunc.Quisque@eunequepellentesque.edu,Algeria,$9249.62,31
Dora Douglas,pharetra.Quisque.ac@magnamalesuada.edu,Haiti,$4257.40,28
McKenzie Puckett,risus@milacinia.com,Puerto Rico,$3815.03,38
Uta Castillo,risus.Duis.a@ullamcorper.org,Somalia,$7097.15,29
Maxwell Villarreal,erat@duinec.edu,Sudan,$4718.88,11
Abra Herring,Sed.neque@Maurisnondui.net,Bermuda,$1032.49,1
Jane Donaldson,Ut.tincidunt.orci@sagittisaugueeu.co.uk,Panama,$5401.20,31
Salvador Hewitt,magna@antedictumcursus.co.uk,Comoros,$5236.95,36
Rina Vinson,a@ac.ca,Slovakia,$7282.66,49
Shoshana Buckley,libero.et@dolorelit.ca,Gabon,$3955.64,30
Kuame Vance,Ut.tincidunt.orci@luctusfelis.edu,Luxembourg,$1834.52,43
Donovan Reyes,varius.orci@luctusetultrices.edu,Lesotho,$4980.47,17
Taylor Sheppard,venenatis.lacus@sitamet.net,Albania,$5209.32,11
Dante Burris,mi.enim.condimentum@Fuscealiquet.ca,Mongolia,$8939.18,40
Eve Erickson,auctor.vitae.aliquet@odioAliquam.net,Slovakia,$6485.08,14
Clayton Best,vel.sapien.imperdiet@consequatnec.edu,Côte D'Ivoire (Ivory Coast),$3785.62,18
Indigo Rocha,placerat@fermentum.ca,Qatar,$1482.26,39
Jaime Burris,erat.eget.tincidunt@ipsumsodalespurus.edu,Uzbekistan,$5046.80,21
Beatrice English,bibendum.ullamcorper.Duis@CrasinterdumNunc.com,Bermuda,$3946.98,11
Robert Chambers,et.rutrum@velitegestaslacinia.org,Mauritius,$5102.95,1
Odysseus Glass,Quisque.varius@sociosquadlitora.com,Malta,$3475.81,6
Steel Day,aliquet.magna@nibh.edu,"Palestine, State of",$5359.31,5
Molly Dunn,id@dapibusrutrumjusto.net,Turkmenistan,$5002.11,4
Travis Stark,adipiscing@laciniamattis.com,Iceland,$8409.23,7
Irma Mcdowell,velit@aliquam.ca,Panama,$5337.02,33
Abel Small,faucibus.ut@luctuslobortisClass.com,Côte D'Ivoire (Ivory Coast),$2830.60,16
Amir Ortega,erat.Sed@dictumultricies.edu,Slovakia,$3422.04,42
Russell Lowe,consequat@lobortis.ca,Estonia,$7876.22,20
Naomi Cantrell,vehicula.risus.Nulla@turpisnonenim.co.uk,New Caledonia,$1098.31,18
Brett Page,Morbi.neque.tellus@tempusnon.edu,Estonia,$6001.56,38
Oscar Cooley,neque@nuncQuisque.org,Indonesia,$8666.67,13
Linda Cortez,tristique.neque.venenatis@Loremipsumdolor.net,Mozambique,$3592.70,49
Zena Skinner,sem@Aeneaneget.org,Antigua and Barbuda,$1165.16,22
Ulla Long,Suspendisse.commodo@euismodacfermentum.org,Singapore,$5050.01,32
Hannah Pugh,sodales@cubiliaCurae.co.uk,Thailand,$7258.68,21
Latifah Ashley,malesuada@placerat.net,Mauritius,$2573.78,40
Ursula Case,suscipit.nonummy@erat.edu,Benin,$1759.65,11
Yuri Vaughn,nibh.dolor@velitPellentesque.co.uk,Guatemala,$2484.34,43
Oren Alston,enim.consequat@nuncnullavulputate.net,Lithuania,$5999.26,37
Zahir Wilder,Etiam@Quisque.com,Curaçao,$9763.44,8
Dorothy Oneil,sapien@feugiat.ca,Belarus,$6282.70,39
Aiko Kelly,sociis@dictummagna.co.uk,Isle of Man,$8621.37,47
Jade Armstrong,Nullam.suscipit@Sedmalesuadaaugue.edu,Uganda,$4231.73,8
McKenzie Justice,tellus@idmagnaet.ca,Albania,$7159.37,20
Brittany Osborne,eu.odio.tristique@Cras.co.uk,Fiji,$4050.10,4
Gisela Reese,diam.dictum@ullamcorper.org,Bangladesh,$9656.83,35
Zelenia Gamble,aliquet.Proin.velit@Vivamusnisi.org,San Marino,$5043.60,50
Marvin Callahan,nunc@ultricesposuere.edu,Suriname,$8470.38,6
Alice Cash,eget@vitaenibh.co.uk,Angola,$3159.98,4
Gil Dyer,Aliquam.rutrum.lorem@Quisquepurus.org,Isle of Man,$5385.08,41
Kyla Stephens,placerat@Aeneansed.co.uk,Samoa,$4079.86,37
Rhona Humphrey,et.libero@ornareelit.com,Tonga,$6121.80,24
Christen Dennis,lacus@magnaatortor.com,Vanuatu,$1192.96,1
August Charles,varius@nonlobortis.ca,Mali,$7651.38,23
Sade Cardenas,quam.Pellentesque.habitant@magnis.com,Svalbard and Jan Mayen Islands,$5653.24,24
Phillip Fischer,tortor@eleifend.net,Indonesia,$6665.27,2
Madeson Nichols,egestas.Fusce.aliquet@leoMorbi.org,Saint Lucia,$5518.11,24
Lacey Cabrera,magna@nuncsitamet.ca,Tanzania,$4305.81,23
Adam Mercer,nunc.sit.amet@elitCurabitur.org,Gibraltar,$2690.42,9
Lawrence Franklin,pede.Nunc@odioPhasellus.net,Yemen,$6100.39,11
Melanie Fleming,euismod.enim.Etiam@VivamusrhoncusDonec.ca,Heard Island and Mcdonald Islands,$9876.44,21
Kelsie Potter,ornare.libero@urna.co.uk,United States,$2310.71,17
Xanthus Munoz,consequat@Nullam.edu,"Congo, the Democratic Republic of the",$7319.00,2
Lani Weber,mauris@utsemNulla.co.uk,Hong Kong,$3138.05,21
Tiger Lane,Fusce@nuncrisusvarius.net,Comoros,$6789.99,6
Yuli Robertson,ornare@vulputaterisus.com,Holy See (Vatican City State),$9412.16,46
Robin Obrien,blandit.viverra@orcilacusvestibulum.edu,Brunei,$7605.06,40
Illana Dodson,semper@Maecenasmalesuada.net,Ukraine,$1238.72,6
Tyrone Castillo,pede@blanditcongue.ca,Côte D'Ivoire (Ivory Coast),$3871.37,32
Flavia Stephenson,nulla@sapien.co.uk,Uganda,$9543.93,41
Hyatt Dorsey,lacinia@fringillaornareplacerat.co.uk,South Georgia and The South Sandwich Islands,$3934.76,14
Hyacinth Strickland,interdum.Nunc@aliquam.ca,Brazil,$5355.17,36
Wing Emerson,Ut.tincidunt.orci@enimnon.co.uk,Guam,$4600.53,50
Ella Huff,ligula.Donec.luctus@aliquet.ca,Honduras,$1272.70,26
Deborah Massey,malesuada.ut.sem@iaculis.ca,Macedonia,$5607.61,1
Fredericka Ward,hendrerit.Donec.porttitor@faucibusMorbivehicula.ca,Canada,$4358.46,14
Quintessa Downs,auctor.velit.eget@luctuset.net,"Palestine, State of",$9536.58,24
Quynn Todd,nec@variusNam.co.uk,Western Sahara,$6737.34,36
Jennifer Burton,neque.Sed@acturpis.net,Nepal,$3402.12,5
Rebekah Ball,nunc.In@facilisismagna.net,Libya,$4471.98,13
Barclay Britt,fermentum@nibhQuisque.com,Curaçao,$8381.49,13
Autumn Hooper,Aliquam.nec.enim@atlibero.com,Sri Lanka,$2501.80,36
Malik Klein,Proin@euturpis.net,Belgium,$9841.14,50
Samuel Vargas,ultrices.posuere@Duisvolutpatnunc.com,Tajikistan,$8692.25,30
Raja Burt,aliquet@dui.ca,United Arab Emirates,$4923.45,13
Tanisha Stout,gravida.molestie.arcu@Nunc.net,Mayotte,$2756.55,4
Janna Roth,dui@ut.org,United States,$9962.07,37